{
  "analysis_date": "2025-07-29T15:19:14.670213",
  "total_tasks": 812,
  "excluded_count": 161,
  "included_count": 651,
  "pass_rate_possible_only": 72.65745007680492,
  "fail_rate_possible_only": 27.342549923195087
}